-- phpMyAdmin SQL Dump
-- version 5.2.0
-- https://www.phpmyadmin.net/
--
-- Host: 127.0.0.1
-- Generation Time: Jun 18, 2022 at 11:36 AM
-- Server version: 10.4.24-MariaDB
-- PHP Version: 7.4.29

SET SQL_MODE = "NO_AUTO_VALUE_ON_ZERO";
START TRANSACTION;
SET time_zone = "+00:00";


/*!40101 SET @OLD_CHARACTER_SET_CLIENT=@@CHARACTER_SET_CLIENT */;
/*!40101 SET @OLD_CHARACTER_SET_RESULTS=@@CHARACTER_SET_RESULTS */;
/*!40101 SET @OLD_COLLATION_CONNECTION=@@COLLATION_CONNECTION */;
/*!40101 SET NAMES utf8mb4 */;

--
-- Database: `vanjava`
--

-- --------------------------------------------------------

--
-- Table structure for table `detailpesanan`
--

CREATE TABLE `detailpesanan` (
  `iddetailpesanan` int(11) NOT NULL,
  `idpesanan` int(11) NOT NULL,
  `idproduk` int(11) NOT NULL,
  `qty` int(11) NOT NULL
) ENGINE=InnoDB DEFAULT CHARSET=utf8mb4;

--
-- Dumping data for table `detailpesanan`
--

INSERT INTO `detailpesanan` (`iddetailpesanan`, `idpesanan`, `idproduk`, `qty`) VALUES
(5, 20220001, 4, 2),
(6, 20220001, 2, 2),
(7, 20220003, 4, 8),
(12, 20220003, 3, 1),
(13, 20220001, 8, 3),
(14, 20220001, 6, 5);

-- --------------------------------------------------------

--
-- Table structure for table `masuk`
--

CREATE TABLE `masuk` (
  `idmasuk` int(11) NOT NULL,
  `idproduk` int(11) NOT NULL,
  `qty` int(11) NOT NULL,
  `tanggalmasuk` timestamp NOT NULL DEFAULT current_timestamp()
) ENGINE=InnoDB DEFAULT CHARSET=utf8mb4;

--
-- Dumping data for table `masuk`
--

INSERT INTO `masuk` (`idmasuk`, `idproduk`, `qty`, `tanggalmasuk`) VALUES
(3, 1, 500, '2022-06-17 16:35:20'),
(4, 4, 20, '2022-06-17 17:43:24');

-- --------------------------------------------------------

--
-- Table structure for table `pelanggan`
--

CREATE TABLE `pelanggan` (
  `idpelanggan` int(11) NOT NULL,
  `namapelanggan` varchar(30) NOT NULL,
  `notelp` varchar(15) NOT NULL,
  `alamat` text NOT NULL
) ENGINE=InnoDB DEFAULT CHARSET=utf8mb4;

--
-- Dumping data for table `pelanggan`
--

INSERT INTO `pelanggan` (`idpelanggan`, `namapelanggan`, `notelp`, `alamat`) VALUES
(1, 'Budi', '088112222111', 'Sukoharjo'),
(2, 'Andi', '089764332456', 'Surabaya'),
(3, 'Daffa', '082145684469', 'Surakarta');

-- --------------------------------------------------------

--
-- Table structure for table `pesanan`
--

CREATE TABLE `pesanan` (
  `idorder` int(11) NOT NULL,
  `tanggal` timestamp NOT NULL DEFAULT current_timestamp(),
  `idpelanggan` int(11) NOT NULL
) ENGINE=InnoDB DEFAULT CHARSET=utf8mb4;

--
-- Dumping data for table `pesanan`
--

INSERT INTO `pesanan` (`idorder`, `tanggal`, `idpelanggan`) VALUES
(20220001, '2022-06-11 23:44:42', 1),
(20220003, '2022-06-14 20:15:07', 2);

-- --------------------------------------------------------

--
-- Table structure for table `produk`
--

CREATE TABLE `produk` (
  `idproduk` int(11) NOT NULL,
  `namaproduk` varchar(20) NOT NULL,
  `deskripsi` varchar(30) NOT NULL,
  `harga` int(11) NOT NULL,
  `stock` int(11) NOT NULL
) ENGINE=InnoDB DEFAULT CHARSET=utf8mb4;

--
-- Dumping data for table `produk`
--

INSERT INTO `produk` (`idproduk`, `namaproduk`, `deskripsi`, `harga`, `stock`) VALUES
(1, 'Mouse Logitech', 'M221 Silent Click', 160000, 402),
(2, 'Earphone', 'Robot RE30', 60000, 29),
(3, 'Laptop', 'Acer Aspire 5', 7100000, 38),
(4, 'Mouse Logitech', 'B100 Kabel', 90000, 40),
(6, 'Flashdisk', 'SanDisk 32GB USB 2.0', 70000, 60),
(7, 'Hardisk Eexternal', 'Seagate 1TB', 800000, 20),
(8, 'Keyboard', 'Votre KB2308', 35000, 22),
(9, 'Laptop', 'Asus ROG Strix', 12000000, 14),
(10, 'Mousepad', 'Robot RP01', 30000, 50),
(11, 'Coolingpad', 'K-one', 70000, 24),
(12, 'Mouse', 'Rexus Q10', 75000, 30);

-- --------------------------------------------------------

--
-- Table structure for table `user`
--

CREATE TABLE `user` (
  `iduser` int(11) NOT NULL,
  `username` varchar(35) NOT NULL,
  `password` varchar(20) NOT NULL
) ENGINE=InnoDB DEFAULT CHARSET=utf8mb4;

--
-- Dumping data for table `user`
--

INSERT INTO `user` (`iduser`, `username`, `password`) VALUES
(1, 'admin', 'admin');

--
-- Indexes for dumped tables
--

--
-- Indexes for table `detailpesanan`
--
ALTER TABLE `detailpesanan`
  ADD PRIMARY KEY (`iddetailpesanan`);

--
-- Indexes for table `masuk`
--
ALTER TABLE `masuk`
  ADD PRIMARY KEY (`idmasuk`);

--
-- Indexes for table `pelanggan`
--
ALTER TABLE `pelanggan`
  ADD PRIMARY KEY (`idpelanggan`);

--
-- Indexes for table `pesanan`
--
ALTER TABLE `pesanan`
  ADD PRIMARY KEY (`idorder`);

--
-- Indexes for table `produk`
--
ALTER TABLE `produk`
  ADD PRIMARY KEY (`idproduk`);

--
-- Indexes for table `user`
--
ALTER TABLE `user`
  ADD PRIMARY KEY (`iduser`);

--
-- AUTO_INCREMENT for dumped tables
--

--
-- AUTO_INCREMENT for table `detailpesanan`
--
ALTER TABLE `detailpesanan`
  MODIFY `iddetailpesanan` int(11) NOT NULL AUTO_INCREMENT, AUTO_INCREMENT=15;

--
-- AUTO_INCREMENT for table `masuk`
--
ALTER TABLE `masuk`
  MODIFY `idmasuk` int(11) NOT NULL AUTO_INCREMENT, AUTO_INCREMENT=5;

--
-- AUTO_INCREMENT for table `pelanggan`
--
ALTER TABLE `pelanggan`
  MODIFY `idpelanggan` int(11) NOT NULL AUTO_INCREMENT, AUTO_INCREMENT=5;

--
-- AUTO_INCREMENT for table `pesanan`
--
ALTER TABLE `pesanan`
  MODIFY `idorder` int(11) NOT NULL AUTO_INCREMENT, AUTO_INCREMENT=20220005;

--
-- AUTO_INCREMENT for table `produk`
--
ALTER TABLE `produk`
  MODIFY `idproduk` int(11) NOT NULL AUTO_INCREMENT, AUTO_INCREMENT=13;

--
-- AUTO_INCREMENT for table `user`
--
ALTER TABLE `user`
  MODIFY `iduser` int(11) NOT NULL AUTO_INCREMENT, AUTO_INCREMENT=2;
COMMIT;

/*!40101 SET CHARACTER_SET_CLIENT=@OLD_CHARACTER_SET_CLIENT */;
/*!40101 SET CHARACTER_SET_RESULTS=@OLD_CHARACTER_SET_RESULTS */;
/*!40101 SET COLLATION_CONNECTION=@OLD_COLLATION_CONNECTION */;
